tora_id,lat,long
24764,58.9733,16.2157
24750,59.294,16.3457
24749,58.8638,16.5255
24747,59.2619,16.566
24729,59.3148,16.7959
24720,59.0038,16.6823
24719,59.2078,16.2348
24713,59.2766,16.488
24702,58.8874,16.4858
24700,58.7588,17.2941
24699,59.2213,16.3155
24698,59.1849,16.2858
24693,59.1185,16.3612
24688,59.2983,16.2959
24677,59.4131,16.8851
24324,59.2285,16.2897
24294,59.0319,15.686
23996,58.9644,16.4812
23992,58.8705,16.5194
23991,59.3585,16.8083
23989,58.9627,16.4985
23983,59.1403,16.0619
23979,58.7875,17.2717
23978,59.2998,16.3639
23436,60.439,15.4524
25898,58.2693,15.9324
25897,60.2879,13.0439
25896,59.7176,17.2746
25299,58.7018,15.5414
25298,58.008,15.4803
25297,58.2842,16.7823
25296,58.3445,15.599
25295,58.3855,15.6469
25294,58.4378,16.0807
25293,58.1847,16.7884
25292,58.4506,15.4301
25291,57.9099,15.8334
25290,58.0779,15.7857
25289,58.2963,15.8439
25288,58.2036,15.6517
25287,58.3968,15.5813
25286,58.2505,15.5232
25285,58.4668,15.8604
25284,58.4125,16.3417
25283,58.923,15.9817
25282,58.3324,15.4517
25281,58.091,15.8697
25280,58.3761,15.3618
25279,58.3392,15.2284
25278,58.5829,16.3789
25277,58.3895,15.9336
25276,58.3835,15.8038
25274,58.3549,15.3797
25273,58.6131,15.7867
25272,58.2964,15.6696
25271,58.6414,15.348
25270,58.0852,15.1713
25269,57.9857,15.3797
25268,58.3843,15.6187
25267,58.2047,15.9601
25266,58.3369,14.8741
25265,58.2528,14.6552
25264,58.3209,15.9645
25263,58.8809,16.0058
25262,58.8704,15.969
25261,58.3451,15.5288
25260,58.4089,15.5705
25259,58.5166,15.9298
25258,58.6046,16.5221
25257,58.5327,15.8391
25256,58.417,15.7328
25255,58.4806,16.5067
25254,58.9027,15.7276
25253,58.3849,14.9121
25252,58.2268,14.6277
25251,57.9236,15.7564
25250,58.1467,15.7389
25249,58.6078,15.2609
25248,58.3175,16.1565
25247,58.6073,16.4384
25246,58.4637,15.1089
25245,58.1068,15.8397
25244,58.0391,15.5177
25243,58.4213,15.33
25242,58.6418,16.2496
25241,58.3527,15.5838
25240,58.4915,16.4613
25239,58.7043,15.3399
25238,58.4581,16.7225
25237,58.2513,15.027
25236,58.4143,15.6388
25235,58.4395,15.7918
25234,58.1384,15.7038
25233,58.5259,16.0224
25232,58.3805,15.5594
25231,58.2355,15.144
25230,58.4292,16.7178
25229,58.3244,14.8372
25228,58.4495,14.9188
25227,57.9339,15.8366
25226,58.6754,15.9551
25225,58.1893,15.0442
25224,58.4247,15.6507
25223,58.5178,15.4819
25222,58.5056,15.437
25221,58.3,16.0795
25220,58.3942,16.0579
25219,58.3681,14.9254
25218,58.3771,14.9147
25217,58.4847,15.4429
25216,58.5716,15.3922
25215,58.3604,15.6898
25214,58.3721,15.5
25213,58.4747,16.8419
25212,58.4268,15.5578
25211,58.4451,15.5525
25210,57.9776,15.6009
25209,58.0258,15.8458
25208,58.8738,15.8805
25207,58.6699,16.2597
25206,58.5446,15.9576
25205,58.3732,15.2047
25204,58.8323,15.5128
25203,58.2028,15.0269
25202,58.5108,15.5543
25201,58.5665,16.0602
25200,58.587,16.0809
25199,58.3816,15.688
25198,58.9327,15.9244
25197,57.9074,15.5887
25196,58.2695,15.411
25195,58.3625,15.5221
25194,58.4886,15.5103
25193,58.1341,16.8048
25192,58.9177,16.0165
25191,58.4795,16.3157
25190,58.734,15.5492
25189,58.593,16.1267
25188,58.6623,15.3693
25187,58.6507,15.0588
25186,58.4425,16.4076
25185,58.5209,16.4993
25184,58.7394,14.7384
25183,58.7467,14.7411
25182,58.7545,14.7488
25181,58.7488,14.7936
25180,58.7431,14.789
25179,58.7554,14.7691
25178,58.7648,14.8012
25177,58.7517,14.7767
25176,58.7622,14.8178
25175,58.7282,14.7931
25174,58.7468,14.8021
25173,58.7494,14.7637
25172,58.7401,14.8036
25171,58.7663,14.7646
25170,63.8221,20.2372
25168,65.3481,21.3772
25167,55.9318,12.8281
25166,59.2142,15.5677
25165,58.3798,13.4828
25164,58.5036,15.5371
25163,58.6428,15.8497
25162,59.3249,18.3911
25161,59.5862,16.9235
25160,59.69,16.8293
25159,56.0614,12.7908
25158,59.9841,15.8061
25157,59.7777,16.3761
25156,60.0211,16.0156
25155,58.1855,13.8477
25154,60.193,17.8984
25153,60.4123,17.8793
25152,60.5239,17.6361
25150,57.1896,14.3292
25149,59.0242,15.2771
25148,59.4245,15.1907
25147,59.4527,15.0386
25146,59.7096,16.4831
25145,58.5521,13.8304
25144,59.5843,16.5088
25143,59.3268,15.813
25142,59.0921,14.8265
25141,58.527,15.9607
25140,58.5982,16.7357
25139,59.678,16.3577
25138,59.7255,16.5717
25137,58.3328,12.905
25136,59.5532,18.5578
25135,56.9454,14.301
25134,57.7445,14.9831
25133,57.7022,14.9754
25132,57.2668,14.2496
25131,57.7586,13.8168
25130,57.2433,14.1549
25129,56.0132,14.0456
25128,59.1504,15.3365
25127,59.1674,14.9614
25126,59.2828,15.0364
25125,59.1971,15.6032
25124,58.5331,15.2348
25123,58.2499,15.5106
25122,58.2454,15.6688
25121,57.8834,15.8524
25120,58.3312,15.9318
25119,58.4054,15.7453
25118,58.4125,16.1555
25116,58.3159,15.5416
25115,58.2312,15.4747
25114,58.0455,15.8468
25113,58.6676,16.3809
25112,58.0288,15.781
25111,58.1512,14.8396
25110,58.4179,15.4681
25109,58.3816,15.9677
25108,58.2641,14.829
25107,58.3682,16.3161
25106,58.2435,15.1051
25105,58.0373,15.8121
25104,58.0753,15.2026
25103,58.4383,15.6747
25102,58.2701,15.3137
25101,58.743,15.6287
25100,58.4995,16.0327
25099,58.3648,15.4274
25098,58.388,16.4228
25097,58.5837,16.4263
25096,58.3783,15.4668
25095,58.3347,15.5172
25094,58.4975,16.1363
25093,58.3653,15.9601
25092,58.3413,15.2649
25091,58.6666,15.9855
25090,58.5255,15.4453
25089,58.6491,16.1209
25088,58.3394,16.2562
25087,58.2621,15.6658
25086,58.5426,15.6098
25085,58.5653,16.0855
25084,58.4101,15.1931
25083,58.4499,15.3953
25082,58.4255,16.15
25081,58.3356,15.568
25080,58.4574,16.4686
25079,58.014,15.7154
25078,58.3673,16.6982
25077,58.2734,15.2628
25076,58.2462,15.0395
25075,58.5925,15.8415
25074,57.9113,15.8971
25073,58.4967,15.8697
25072,58.5332,15.8068
25071,58.4317,15.5029
25070,58.3595,16.3902
25069,58.4022,15.3882
25068,58.3556,16.0146
25067,58.3836,15.9518
25066,58.4486,15.6728
25065,58.3438,16.6127
25064,58.5538,16.7866
25063,58.2783,16.1903
25062,58.6235,14.9985
25061,58.6622,16.2088
25060,58.3622,16.1002
25059,58.1401,15.7705
25058,58.4332,15.7257
25057,59.5525,15.7278
25056,59.4779,15.5321
25055,59.4999,16.4167
25054,59.7489,15.6631
25053,59.4903,16.4579
25052,59.4931,15.5115
25051,59.5368,15.7825
25050,59.3878,15.8376
25049,59.5675,16.7849
25048,59.4508,15.6765
25047,59.4326,15.5472
25046,59.4644,15.3809
25045,59.4323,15.4274
25044,59.5468,16.7794
25043,59.8126,16.5892
25042,59.4979,15.4927
25041,59.5691,16.733
25040,59.567,16.8902
25039,59.499,15.1739
25038,59.4589,15.3549
25037,59.3911,15.8501
25036,59.5564,16.6613
25035,59.5657,16.417
25034,59.787,15.3713
25033,59.54,16.7519
25032,59.2976,15.8485
25031,59.4387,15.2469
25030,59.8676,16.2979
25029,59.5004,16.7002
25028,57.9395,12.8535
25027,57.271,13.2273
25026,58.6397,13.9239
25025,57.953,12.4
25024,58.3533,12.3679
25023,58.4553,13.569
25022,58.3163,14.2817
25021,58.1463,13.0439
25020,57.8856,13.651
25019,58.6726,13.5899
25018,58.4428,14.1561
25017,58.619,14.3394
25016,58.4806,13.1191
25015,58.6966,14.0135
25014,58.4638,12.6245
25013,58.2811,13.926
25012,57.9953,12.6494
25011,58.2207,12.3266
25010,58.358,12.9991
25009,58.0998,12.6515
25008,58.4757,13.942
25007,58.3222,12.8163
25006,58.3861,14.3702
25005,58.3381,12.7033
25004,57.9717,13.8012
25003,57.9343,14.093
25002,58.3808,13.516
25001,58.3183,13.4923
25000,58.66,13.1119
24999,57.4982,13.1405
24998,57.6246,13.4561
24997,58.2355,12.1952
24996,58.1233,13.9729
24995,57.6404,13.406
24994,57.8443,13.2641
24993,58.2817,12.6554
24992,57.9859,13.1824
24991,58.6516,13.9719
24990,58.4382,12.6948
24989,58.5929,13.9455
24987,58.635,13.676
24986,58.4278,13.9398
24985,58.4723,12.8146
24984,58.1536,13.0196
24983,58.5181,13.7976
24982,58.1649,13.2816
24981,58.4757,12.9938
24980,57.4573,13.4663
24979,58.1403,12.715
24978,58.4762,13.468
24977,57.9106,14.0955
24976,58.2527,13.1373
24975,58.1484,13.2221
24974,58.6154,13.8205
24973,58.1616,12.7849
24972,58.4073,12.9827
24971,58.2663,13.4815
24970,57.5555,12.9952
24969,58.5954,13.0893
24968,58.1929,12.7165
24967,57.848,13.1347
24966,58.002,13.6775
24965,58.1084,14.1959
24964,58.9525,14.3884
24963,58.2128,13.1925
24962,58.391,12.6477
24961,58.23,13.4108
24960,58.678,13.6591
24959,58.4732,13.0537
24958,58.6303,14.3907
24957,58.6867,13.8478
24956,58.676,14.4455
24955,58.3312,13.7643
24954,58.305,12.8896
24953,58.4271,13.8454
24952,58.4106,13.0161
24951,58.3983,14.1876
24950,58.2339,12.9052
24949,58.9642,14.1231
24948,57.4603,13.0479
24947,58.1497,13.5071
24946,58.2275,13.0044
24945,58.1851,13.9423
24944,58.8267,14.4823
24943,58.4036,14.1403
24942,57.8276,12.9808
24941,57.9323,13.31
24940,58.5899,14.4891
24939,57.7382,12.1004
24938,58.3339,12.3295
24937,57.8634,13.7782
24936,58.3324,12.3817
24935,57.9327,12.5129
24934,58.9169,14.2163
24933,58.3392,14.336
24932,58.5247,14.4182
24931,58.1923,14.2292
24930,58.5451,13.3669
24929,57.9292,13.828
24928,57.7597,12.0079
24927,58.1855,13.0475
24926,58.0857,12.3831
24925,57.5225,13.3355
24924,58.4894,13.7301
24923,57.3356,13.1454
24922,57.5511,13.6041
24921,58.505,12.9235
24920,58.9109,14.2063
24919,58.1611,12.4125
24918,57.9112,13.3346
24917,58.01,13.8607
24916,57.9377,12.2147
24915,58.2261,13.872
24914,58.3194,14.1035
24913,58.1653,12.2444
24912,58.6567,13.9263
24911,57.7535,12.1806
24910,57.6497,13.46
24909,58.7295,13.9094
24908,58.0681,13.3244
24907,58.2825,13.3038
24906,58.3734,13.1951
24905,58.3739,13.5799
24904,58.3205,13.0173
24903,58.0834,14.2014
24902,58.1699,13.0131
24901,58.2081,14.0586
24900,58.1342,13.853
24899,58.4423,13.2202
24898,58.3096,12.9285
24897,58.3209,12.5953
24896,57.4081,12.6228
24895,58.5793,13.3455
24894,57.8933,12.5488
24893,58.2769,13.7969
24892,58.4371,14.4044
24891,58.2972,12.7289
24890,57.7829,12.2953
24889,58.1084,12.1485
24888,57.6011,13.0497
24887,58.6727,13.995
24886,58.0024,13.3194
24885,58.5989,13.9647
24884,57.6312,13.1561
24883,58.3261,12.785
24882,58.9045,14.221
24881,58.1156,13.8526
24880,58.0702,13.8696
24879,58.1907,13.7501
24878,58.5902,13.1092
24877,58.6688,13.6596
24876,58.6241,14.1264
24875,58.4793,13.2412
24874,58.1051,13.9081
24873,58.367,14.3667
24872,58.3885,13.0216
24871,58.3681,14.0968
24870,58.1814,13.8164
24869,58.2826,13.4891
24868,58.8006,13.966
24867,58.5111,13.4597
24866,58.0538,12.9003
24865,58.5323,13.1012
24864,58.2978,12.3762
24863,58.345,14.1194
24862,58.4258,13.13
24861,58.1133,13.2744
24860,58.6833,13.9601
24859,58.3497,13.3292
24858,57.8583,13.7932
24857,58.2201,13.629
24856,58.367,13.889
24855,58.2501,14.2674
24854,58.2698,14.2717
24853,58.8835,14.2604
24852,58.288,12.8149
24850,59.6707,16.853
24849,59.3565,18.001
24848,59.7175,18.7802
24847,59.7895,17.8372
24846,59.7847,17.4799
24845,59.5064,18.5714
24844,59.7611,18.1395
24843,59.305,18.4679
24842,59.4381,18.1064
24841,59.3454,18.3246
24840,59.6942,18.0492
24839,59.6232,17.0251
24838,59.5684,17.9042
24837,59.7449,17.8453
24836,59.6786,17.0247
24835,59.8193,18.8177
24834,59.8612,18.1086
24833,59.3656,18.4232
24832,59.5061,17.5755
24831,59.2632,18.5048
24830,59.5594,16.9525
24829,59.5338,17.9077
24828,59.5315,17.5727
24827,59.7236,17.33
24826,59.7009,17.3202
24825,59.4652,17.9195
24824,60.3199,18.2592
24823,59.6816,16.8664
24822,59.5231,18.251
24821,59.6728,18.0206
24820,59.3723,18.5319
24819,59.5239,18.172
24818,59.773,17.2187
24817,59.7541,17.1699
24816,59.5333,17.0356
24815,59.3827,18.4601
24814,59.7178,18.0033
24813,59.6925,18.0035
24812,59.6408,16.9642
24811,59.5593,18.084
24810,59.7314,18.6984
24809,59.4822,18.5695
24808,59.6565,17.7481
24807,59.6876,18.1337
24806,60.4867,17.7431
24805,60.2303,18.4458
24804,59.3013,18.2523
24803,59.3014,18.4049
24802,59.7244,17.1474
24801,59.6632,16.9383
24800,59.5264,17.6706
24799,59.7316,17.8317
24798,59.7301,17.8546
24797,59.7429,17.8716
24796,59.7812,17.6565
24795,59.3522,18.2704
24794,59.714,17.7976
24793,59.734,18.1894
24792,59.4244,17.8265
24791,59.7487,18.0192
24790,59.7333,17.2099
24789,59.5446,17.014
24788,59.6223,18.1973
24787,59.5665,17.9557
24786,59.728,17.2511
24785,59.5422,18.2701
24784,59.5555,17.0493
24783,59.4025,18.1673
24782,59.685,17.8124
24781,59.7486,17.194
24780,59.3207,18.374
24779,59.813,18.791
24778,59.5313,18.5098
24777,59.5175,18.0652
24776,59.4984,17.6246
24775,59.2915,18.5885
24774,59.6816,18.1633
24773,59.6614,17.0262
24770,59.617,18.8948
24769,59.7483,18.7406
24768,59.7235,17.394
24767,59.6589,18.1605
24766,59.6473,17.982
24763,59.3145,15.9722
24762,59.2079,17.6541
24761,59.4446,16.387
24760,59.3804,16.317
24755,59.4456,16.4481
24753,59.342,16.2502
24748,59.1584,17.6053
24746,58.9101,16.7567
24745,59.2743,16.9825
24743,59.4136,16.0142
24742,59.4482,16.3435
24741,59.3921,16.7958
24740,59.2487,17.1519
24739,59.3033,18.1165
24735,58.8899,17.106
24734,59.315,18.217
24733,58.8687,17.049
24732,59.1969,17.7288
24731,59.2996,16.4287
24730,59.3061,16.6894
24728,58.8523,17.2908
24725,58.9161,17.9255
24721,58.7652,17.0087
24718,58.8721,17.1223
24716,59.3512,17.0682
24715,59.338,17.0942
24712,58.9071,17.0229
24710,59.2341,17.5932
24709,59.3061,18.1551
24708,59.1465,16.7947
24704,58.8263,17.0703
24697,59.3736,16.4183
24694,58.7942,16.8666
24691,58.951,16.5907
24685,59.4564,16.748
24683,59.1663,16.8267
24682,59.3719,16.3026
24681,59.3983,16.4536
24679,59.1119,17.6564
24678,59.2736,17.6342
24676,59.172,16.078
24675,58.9511,16.026
24673,59.4349,16.6608
24672,59.1729,17.5361
24670,59.3704,16.9291
24665,56.9985,14.6808
24664,57.532,14.7469
24663,56.666,15.0233
24662,56.8268,14.9887
24661,57.1298,13.897
24660,57.0297,14.7834
24659,58.0009,14.9386
24658,57.0061,14.1429
24657,57.0859,13.4635
24656,56.9336,13.383
24655,57.5904,14.732
24654,56.7269,15.0112
24653,58.0395,14.4742
24652,57.8822,14.8871
24651,57.9128,14.6429
24650,56.7818,14.7368
24649,57.1577,13.9571
24648,57.3621,15.3765
24647,56.7119,15.0659
24646,57.7343,14.3963
24645,56.817,14.1789
24644,57.3657,13.7549
24643,57.5551,14.8857
24642,57.3524,14.8941
24641,58.0455,15.0134
24640,57.6264,14.9898
24639,57.4376,14.3045
24638,57.0391,13.7848
24637,57.0266,14.0141
24636,56.9373,14.8705
24635,57.0432,14.8166
24634,56.944,13.6463
24633,57.974,14.7126
24632,56.8993,14.9866
24631,57.0175,15.4009
24630,57.0333,14.684
24629,57.8117,13.7796
24628,57.0788,13.7048
24627,57.0129,13.6997
24626,57.1462,13.5619
24625,57.0108,13.8414
24624,56.7713,14.8267
24623,57.7757,14.3202
24622,57.0072,13.66
24621,56.9137,14.5841
24620,56.661,14.319
24619,56.4878,15.3281
24618,57.5818,15.1157
24617,56.6953,14.9006
24616,56.6783,15.189
24615,57.7425,14.3673
24614,57.5418,14.8809
24613,57.6731,14.3472
24612,57.2116,15.3789
24611,57.1744,13.1677
24610,57.3271,15.3731
24609,57.1341,14.6711
24608,57.5618,14.8707
24607,57.6029,14.9812
24606,57.3462,14.9423
24605,56.8101,14.8301
24604,57.7386,14.5386
24603,56.9786,15.0881
24602,57.4551,14.7762
24601,56.769,14.7712
24600,57.7177,14.1902
24599,57.2735,15.3788
24598,57.219,14.1436
24596,57.9125,14.7977
24595,57.2117,13.2599
24594,57.1318,14.3357
24593,57.6193,15.5628
24592,57.3484,14.4535
24591,57.1297,14.1242
24590,56.973,15.1646
24589,57.0212,13.8464
24588,57.0818,15.0433
24587,57.1664,14.5896
24586,57.1445,13.8956
24585,57.4103,13.6397
24584,57.6887,15.0012
24583,57.2329,15.3461
24582,56.8588,15.3871
24581,56.6363,15.3508
24580,56.9771,14.9403
24579,57.8546,14.8254
24578,57.3731,15.2748
24577,56.679,14.8076
24576,57.7576,14.8026
24575,57.2244,13.4365
24574,57.3082,15.2247
24573,56.6978,14.8832
24572,57.9071,14.8321
24571,57.5523,14.8256
24570,57.2996,15.0565
24569,57.3917,14.3054
24568,57.0455,15.5854
24567,57.3064,15.3381
24566,57.8216,14.5182
24565,57.3187,15.1128
24564,57.1902,14.1308
24563,57.1898,13.8904
24562,57.1951,14.9565
24561,57.3654,15.3408
24560,57.5177,14.1581
24559,57.1229,14.2927
24558,56.6716,15.3919
24557,56.9637,14.8901
24556,56.8737,15.6779
24555,57.8998,14.6658
24554,56.5963,15.4566
24553,57.9053,14.9805
24552,56.8471,14.6013
24551,58.0017,15.0335
24550,56.8658,14.0754
24549,57.5927,14.6253
24548,58.0796,14.714
24547,57.0589,15.5866
24546,57.4345,14.9726
24545,57.3356,15.3089
24544,57.5118,15.3513
24543,57.212,13.7268
24542,57.0083,13.9475
24541,56.8776,14.5658
24540,57.0091,14.823
24539,56.9985,14.8139
24538,56.5535,14.9766
24537,57.74,14.7115
24535,57.3116,14.7359
24534,57.8169,14.4086
24533,57.9387,14.7501
24532,57.053,13.8451
24531,57.2637,13.6738
24530,57.5701,14.0836
24529,57.8453,14.9835
24527,56.5064,14.7172
24526,57.3306,14.6806
24525,57.8108,14.1244
24524,57.3593,14.9631
24523,57.3568,14.975
24522,57.0717,14.7195
24521,57.1606,14.7819
24520,57.9995,14.5124
24519,57.312,15.0831
24518,57.1233,14.5661
24517,57.267,13.7896
24516,57.0983,13.6871
24515,58.0301,14.6667
24514,57.852,14.4589
24513,55.507,13.946
24512,55.6849,13.6343
24511,56.2317,13.0223
24510,56.0567,14.4703
24509,55.5526,13.583
24508,55.7797,13.2835
24507,56.2073,12.8002
24506,56.1897,14.0475
24505,55.6232,13.8311
24504,55.8546,12.9555
24503,55.8657,13.2521
24502,55.9061,13.2672
24501,55.6996,13.1402
24500,55.5686,13.2104
24499,55.6799,13.6565
24498,56.1391,13.9664
24497,55.7687,13.2526
24496,55.4405,13.2867
24495,55.4747,13.8682
24494,55.9784,13.0027
24493,55.563,14.1016
24492,55.5425,13.1423
24491,55.6327,14.1192
24490,55.9329,13.3919
24489,56.174,12.7791
24488,56.0814,14.195
24487,56.0566,12.8506
24486,55.833,13.215
24485,56.2503,12.8781
24484,55.8368,13.4606
24483,55.4707,13.4605
24482,55.991,13.086
24481,55.6477,13.8969
24480,55.7611,13.5039
24479,55.8372,13.6314
24478,55.5885,13.8867
24477,55.8063,13.3293
24476,56.2603,12.5343
24475,55.858,13.3468
24474,55.5103,13.8809
24473,56.15,13.748
24472,56.1047,13.7168
24471,55.6913,13.0756
24470,55.6174,13.3286
24469,55.5963,13.8514
24468,56.0755,13.0999
24467,55.5048,13.3306
24466,55.9862,13.0026
24465,55.7488,13.0359
24464,55.6644,13.2662
24463,55.7785,12.9547
24462,56.0564,14.0997
24461,56.1189,13.4154
24460,55.6955,13.2983
24459,59.1602,15.6246
24458,59.1524,14.8967
24457,58.7579,14.803
24456,59.0633,14.9168
24455,59.0838,15.0267
24454,59.3484,15.1661
24453,59.2449,15.4318
24452,59.1562,15.3875
24451,59.0682,14.9197
24450,59.3237,15.5707
24449,59.1025,14.6935
24448,59.0499,15.4965
24447,56.7104,12.841
24446,56.4269,13.1299
24445,56.6381,12.9903
24444,56.7923,12.6246
24443,56.9318,12.6714
24442,56.9572,12.4758
24441,56.8916,12.7837
24440,57.3197,12.4269
24439,57.4671,12.0817
24438,57.4956,12.1226
24437,56.8119,12.7884
24436,56.7981,12.7091
24435,56.9853,13.0912
24434,56.9893,12.6731
24433,56.6054,13.0451
24432,56.7048,12.9109
24431,58.7968,12.1546
24430,58.6168,12.3904
24429,58.8932,12.5241
24428,58.8052,11.8987
24427,60.5096,15.5529
24426,58.444,11.604
24425,58.1248,11.6868
24424,58.0695,11.6917
24423,58.464,11.6366
24422,58.3801,11.6489
24421,58.9732,11.2383
24420,56.1616,15.4821
24419,56.131,14.6316
24418,56.7615,14.9188
24417,56.8536,14.834
24416,55.6582,14.2355
24415,58.3256,12.3721
24414,58.3744,14.1174
24413,58.3593,11.8345
24412,56.7644,12.8448
24411,59.2713,15.1515
24410,57.2276,12.2215
24409,60.5368,17.4098
24408,59.5946,18.203
24407,59.7516,18.952
24406,59.4374,16.9325
24405,55.9257,13.001
24404,56.161,13.7098
24403,56.1296,12.6883
24402,55.7494,13.3551
24401,55.4487,14.1721
24400,57.1444,12.2657
24399,58.5985,12.5753
24398,55.6986,13.2727
24397,60.2686,15.9712
24396,57.5176,18.4532
24395,59.0188,12.2761
24394,58.9461,15.0017
24393,58.9659,14.8382
24392,59.6332,16.4916
24391,59.5468,17.2476
24390,59.5261,15.1544
24389,59.4576,15.4747
24388,60.0157,15.7623
24387,59.7695,15.2933
24386,59.6812,15.7543
24385,59.8317,14.7393
24384,59.3048,14.9455
24383,59.557,15.2847
24381,59.4932,15.06
24380,59.7716,15.2896
24379,59.5613,14.7424
24378,59.5355,14.6329
24377,59.7672,15.3145
24376,59.7043,14.5485
24375,59.5689,15.728
24374,59.8248,18.5874
24373,58.9583,17.9515
24372,58.7187,16.559
24371,59.2047,17.1955
24367,56.6925,14.9955
24366,55.6978,13.7777
24365,59.1053,14.3647
24364,59.3811,15.0358
24363,58.9635,12.274
24362,59.3615,17.036
24361,58.3456,12.9539
24360,58.3735,12.4002
24359,58.344,12.3693
24358,58.2367,13.5575
24356,58.7518,16.9627
24355,59.3511,17.0509
24354,59.1202,14.9312
24353,58.1477,13.8048
24352,59.6624,15.7642
24351,59.3983,15.8037
24350,60.3706,18.157
24349,59.2491,17.084
24347,59.1831,14.4755
24346,58.9726,14.6385
24345,58.9801,14.6297
24344,58.4854,16.1401
24343,58.4775,15.9827
24342,58.5258,16.8323
24341,57.8796,15.8607
24340,59.71,16.6635
24339,59.5935,16.6574
24338,58.2892,12.928
24337,58.4027,14.1281
24336,59.5197,17.9158
24335,59.5257,17.6176
24334,59.7211,19.0324
24333,59.4664,18.2748
24332,59.4998,17.6641
24331,59.4777,18.0547
24330,60.4869,17.7184
24329,59.3251,18.4998
24328,59.7645,17.6426
24326,59.2689,16.6758
24325,59.2931,16.5044
24323,59.2805,16.4604
24322,58.75,16.5508
24321,59.3286,17.0972
24319,58.7765,16.4576
24317,59.1915,17.5663
24316,58.8889,16.7962
24315,59.4138,17.1187
24314,59.2277,18.1672
24313,59.3172,16.6104
24312,59.2286,16.2127
24311,59.2839,16.4267
24310,59.106,17.1282
24309,59.2825,17.8928
24307,59.2806,16.1488
24305,59.3219,16.405
24303,59.2142,17.2872
24302,59.2546,17.1849
24300,59.2516,16.9378
24297,59.2999,18.1232
24296,58.8172,16.6992
24293,58.9927,17.3388
24290,59.2422,17.2525
24289,59.3759,16.6713
24288,58.9506,16.4179
24287,59.0909,16.9795
24286,59.1398,17.9659
24285,59.1389,17.5438
24284,59.2408,16.7633
24283,58.9795,17.3042
24282,59.4576,16.9974
24281,59.4105,16.7497
24279,57.7004,14.3346
24278,55.492,13.6543
24277,56.0895,14.1167
24276,59.2085,15.0039
24275,56.7688,12.78
24274,57.3218,12.3506
24273,58.6247,16.3492
24272,58.3681,15.5104
24271,58.4236,14.8203
24270,58.3808,14.9309
24269,58.0098,15.6847
24268,58.1848,15.993
24267,63.1864,17.0594
24266,63.1738,18.5661
24265,62.9751,17.7032
24264,63.1567,17.3925
24263,63.5806,19.447
24262,63.1725,17.6239
24261,63.1888,17.8189
24260,63.4653,19.0469
24258,59.8985,15.5645
24257,59.5058,15.5182
24256,59.4723,15.6274
24255,59.6316,14.5641
24254,59.4202,15.6997
24253,59.5849,14.9716
24252,59.4819,15.5362
24251,59.5244,15.2809
24250,59.568,15.9307
24249,59.5262,16.1891
24248,59.8281,15.6844
24247,59.5837,16.8099
24246,59.9384,16.6297
24245,59.4316,16.0828
24244,59.8882,14.9745
24243,59.5925,15.2081
24242,59.4102,15.7824
24241,59.5786,16.6271
24240,59.7835,14.5102
24239,59.7193,16.4128
24238,59.5353,15.1195
24237,59.5506,15.5747
24236,60.0054,15.7849
24235,59.4674,15.5625
24234,59.6683,15.7648
24233,59.5382,16.4793
24231,57.6626,12.1303
24230,57.7062,12.0113
24229,58.3542,13.5257
24228,58.6437,13.5103
24227,57.8994,12.4968
24226,58.4663,13.3135
24225,58.3842,13.6164
24224,57.8445,12.3846
24223,58.2665,13.6162
24222,57.4729,12.3816
24221,58.2129,12.8192
24220,58.6751,14.2
24219,57.8249,13.1547
24218,58.4688,13.1192
24217,58.6358,13.1195
24216,58.0181,12.7849
24215,58.2188,14.2573
24214,57.6342,12.8585
24213,57.8993,13.523
24212,57.9549,12.4459
24211,58.2166,12.4347
24210,58.0855,13.6762
24209,58.5863,13.9966
24208,57.5169,13.1278
24207,57.4759,13.2628
24206,58.5826,13.441
24205,57.7075,13.3504
24204,58.1961,12.8321
24203,58.0032,12.7737
24202,58.593,13.3535
24201,57.9674,12.5956
24200,58.0542,13.66
24199,58.7694,13.9636
24198,58.1792,13.964
24197,58.6831,14.1273
24196,58.4776,13.8917
24195,57.3474,13.277
24194,57.5535,13.1785
24193,57.98,12.9449
24192,57.8465,13.3275
24191,57.7591,13.2235
24190,58.466,13.8385
24189,58.3276,14.1474
24188,58.4001,13.3827
24187,57.4663,13.2246
24186,57.8715,12.0347
24185,58.4947,14.5112
24184,57.9244,13.1245
24183,58.3567,13.2598
24182,57.9578,12.5641
24181,58.3272,13.0407
24180,57.7795,13.3685
24179,58.2564,13.7876
24178,58.1961,13.5839
24177,57.6374,13.448
24176,57.5595,12.7876
24175,58.5736,13.0524
24174,58.6384,14.039
24173,58.5005,13.7054
24172,57.8939,13.1419
24171,57.6383,12.4848
24170,58.7651,14.1656
24169,58.3625,12.8855
24168,58.394,13.0539
24167,58.2702,13.1623
24166,58.4356,13.0887
24165,58.7668,13.7998
24164,57.8898,13.2115
24163,58.3226,14.332
24162,58.3745,13.3878
24161,58.53,13.4533
24160,57.9004,13.451
24159,58.6348,13.1448
24158,57.3626,12.5355
24157,58.1273,13.6148
24156,58.4117,14.377
24155,58.2333,13.617
24154,57.6097,13.2596
24153,57.6621,12.0906
24152,58.6104,13.3683
24151,58.5764,14.21
24150,58.6111,14.3549
24149,57.9481,13.3616
24148,58.1038,12.8411
24147,57.596,13.4112
24146,57.8413,13.4991
24145,58.4172,13.5005
24144,58.117,13.6984
24143,57.9692,13.1533
24142,58.6315,13.1896
24141,58.3666,13.0307
24140,58.5206,13.0954
24139,58.6627,14.0016
24138,58.3726,13.2677
24137,58.1972,13.704
24136,58.3491,13.0862
24135,57.3354,13.0454
24134,58.4522,13.8421
24133,58.4428,13.5295
24132,58.5189,14.2558
24131,58.0449,13.7847
24130,58.7071,13.8172
24129,58.1289,13.8632
24128,58.5721,13.4604
24127,58.6019,14.3113
24126,58.143,13.9281
24125,58.1841,12.1855
24124,57.9718,13.5494
24123,57.8671,14.0438
24122,58.4917,13.5857
24121,58.0113,12.7078
24120,58.0195,13.305
24119,58.5645,13.5195
24118,58.357,13.8445
24117,58.4803,14.4871
24116,58.4004,12.963
24115,58.178,12.7346
24114,58.061,12.6679
24113,58.4197,13.9484
24112,58.2484,13.2251
24111,58.4579,13.9874
24110,58.488,13.8876
24109,58.3684,13.8109
24108,58.3383,13.8843
24107,58.3546,13.2464
24106,58.2483,12.8987
24105,58.2435,13.1287
24104,58.4216,13.8505
24103,58.5099,13.0487
24102,58.3263,12.5675
24101,58.6639,13.9094
24100,58.5863,14.1349
24099,58.081,13.3263
24098,58.4415,13.6369
24097,58.4019,13.5625
24096,57.8462,13.2858
24095,58.5198,13.5799
24094,57.7767,12.4024
24093,58.8164,14.0324
24092,58.6111,13.4931
24091,58.4162,14.1872
24090,58.3987,13.6206
24089,58.3965,13.9333
24088,57.6969,12.5808
24087,58.3172,12.2931
24086,57.7514,12.2461
24085,57.9116,13.3546
24084,58.3884,13.3927
24083,58.6675,14.4483
24082,57.9288,12.5529
24081,57.7618,13.3083
24080,58.1796,14.2237
24079,58.3939,12.8836
24078,58.1753,13.9756
24077,58.1734,12.5468
24076,58.7472,13.9039
24075,58.1306,13.7844
24074,58.5291,13.949
24073,58.524,14.3955
24072,58.5115,14.033
24071,58.8528,14.3524
24070,57.656,12.0603
24069,57.75,12.2194
24068,58.0709,13.9385
24067,58.3373,14.3009
24066,58.4176,12.7845
24065,58.3747,13.9711
24064,57.2515,13.1494
24063,58.6355,14.3106
24062,57.6788,13.3526
24061,57.8614,13.15
24060,58.7684,13.9511
24059,58.8134,13.7711
24058,58.4441,12.7996
24057,58.5828,14.4446
24056,58.4608,13.6823
24055,58.5251,13.3917
24054,57.8053,12.3631
24053,58.3652,14.0463
24052,58.3751,13.2992
24051,57.8114,12.4141
24050,58.409,13.1887
24049,57.3124,13.2587
24048,58.1573,13.79
24047,58.5777,13.0116
24046,58.7787,13.8055
24045,58.2824,13.5804
24044,57.8998,14.0795
24043,58.3326,13.0722
24042,57.3672,12.5897
24041,57.795,13.3916
24040,57.8886,13.3878
24039,58.8102,13.7026
24038,57.7469,13.413
24037,57.4678,13.2347
24036,57.4821,12.6885
24035,57.622,13.5148
24034,57.9482,12.5314
24033,58.1575,12.9079
24032,58.671,14.616
24031,58.5394,13.3431
24030,58.5107,13.0689
24029,58.4814,13.0857
24028,58.2649,13.1066
24027,58.3988,13.6728
24026,57.6935,13.4075
24025,58.2325,13.2572
24024,58.4118,14.1057
24023,58.5711,14.1097
24022,57.7775,12.2336
24021,58.4342,13.0166
24020,57.5878,12.9924
24019,58.553,13.0643
24018,58.41,12.8763
24017,57.762,12.262
24016,58.4426,14.0276
24015,58.2045,13.6438
24014,64.6183,21.1579
24013,65.5768,21.4823
24012,66.3897,23.6605
24011,67.1901,23.51
24010,63.7046,20.3521
24009,65.919,23.4549
24008,63.8413,20.1235
24007,59.3681,18.2461
24006,59.9566,18.343
24005,59.3815,17.799
24004,59.683,18.4301
24003,59.5414,17.9197
24002,59.3654,18.0302
24001,59.2771,18.556
24000,59.4149,17.575
23998,58.8194,17.0692
23997,59.4197,16.0851
23994,58.9209,16.8814
23990,59.2173,17.5962
23987,59.1503,16.4901
23986,59.1072,18.0582
23984,58.9292,16.4687
23982,59.164,16.8776
23981,59.3033,18.2125
23980,59.2068,16.8163
23960,57.9657,14.5057
23959,57.5131,14.8262
23958,56.5207,14.6699
23957,56.8234,14.1654
23956,57.6148,14.4369
23955,57.7484,14.4159
23954,57.0708,14.9322
23953,57.3936,14.7638
23952,57.4092,14.7052
23951,57.3108,15.2938
23950,56.7948,15.4153
23949,57.9776,14.9133
23948,56.7672,14.9123
23947,57.7249,16.4309
23946,57.0369,14.5572
23945,56.8074,14.9089
23944,57.078,14.9455
23943,57.0225,14.3743
23942,56.8563,14.2336
23941,57.8805,14.3138
23940,56.8274,14.1823
23939,56.7279,14.629
23938,57.7722,14.5798
23937,57.7758,14.5911
23936,57.7516,14.1879
23935,57.0233,13.4413
23934,56.9579,15.0448
23933,57.9395,14.5675
23932,57.1822,16.0264
23931,57.9071,14.8079
23930,57.8215,14.7812
23929,56.9789,14.7417
23928,57.5765,15.434
23927,56.8409,14.1603
23926,57.3022,15.313
23925,56.7396,14.573
23924,57.0602,14.5896
23923,57.1407,13.8806
23922,57.158,13.3149
23921,56.8242,14.175
23920,57.9183,14.5378
23919,57.735,14.2721
23918,58.0138,14.8734
23917,57.1812,13.5636
23916,57.8411,14.4292
23915,56.8506,15.7098
23914,56.5622,14.886
23913,56.6204,16.1161
23912,57.9024,14.9042
23911,57.5662,15.088
23910,57.4445,13.6532
23909,57.5238,16.4725
23908,57.0604,15.0693
23907,58.005,14.8885
23906,57.8357,14.1334
23905,56.8982,14.4426
23904,56.6634,13.7054
23903,56.808,14.5457
23902,57.8816,14.3533
23901,56.9335,14.7481
23900,56.565,15.5669
23899,57.5472,16.6306
23898,57.1475,13.5727
23897,57.0808,13.7698
23896,56.6619,14.8866
23895,57.7313,15.0516
23894,57.646,14.9821
23893,56.9312,14.7926
23892,57.3505,15.781
23891,56.6445,14.7165
23890,57.1396,15.1327
23889,57.1202,15.6358
23888,57.2967,14.323
23887,57.2626,14.06
23886,57.0155,14.7242
23885,57.2071,13.8586
23884,57.0727,15.534
23883,57.4265,15.0108
23882,57.0853,14.3078
23881,57.5957,15.0735
23880,57.4121,15.0273
23879,56.7723,15.1178
23878,57.2277,14.0987
23877,56.6219,16.1282
23876,57.9045,14.8105
23875,57.537,14.2741
23874,56.682,14.8328
23873,57.0439,14.8703
23872,57.6865,14.8525
23871,57.7086,14.9449
23870,58.0131,14.8439
23869,56.9511,14.5858
23868,57.3672,15.7555
23867,57.4606,16.3024
23866,56.6663,15.3336
23865,56.9175,14.6
23864,56.5677,14.7704
23863,56.9464,14.1975
23862,57.6801,14.9935
23861,57.5687,15.1932
23860,57.863,14.3378
23859,57.036,15.0663
23858,56.6416,14.2216
23857,56.9507,14.5685
23856,57.0099,13.5003
23855,57.0829,15.0087
23854,57.9024,14.8711
23853,57.0674,14.6213
23852,56.8214,14.8989
23851,56.9155,14.1532
23850,56.8874,13.7749
23849,57.3111,13.3895
23848,56.624,15.0213
23847,57.4331,14.5062
23846,56.8761,14.5475
23845,56.6935,13.711
23844,57.8063,15.0067
23843,57.2622,13.3437
23842,56.9063,14.7752
23841,57.9924,14.5538
23840,57.6988,16.3294
23839,57.8261,14.8198
23838,56.8981,14.5545
23837,56.0166,13.725
23836,55.8708,12.868
23835,56.2986,12.8396
23834,55.523,13.9392
23833,55.7827,13.2482
23832,55.9451,12.7804
23831,56.0004,13.8477
23830,55.4508,13.837
23829,55.7765,13.4077
23828,55.611,13.9267
23827,56.3075,12.8486
23826,55.6501,13.7095
23825,56.0968,13.9676
23824,55.5509,13.8033
23823,56.0108,13.4613
23822,56.1734,13.0649
23821,55.7979,13.537
23820,56.1585,12.7613
23819,56.1651,14.0653
23818,55.8532,13.4349
23817,56.0643,14.0637
23816,56.0853,14.0438
23815,56.107,12.9668
23814,55.8578,14.1309
23813,55.9098,13.189
23812,55.9704,12.9818
23811,55.9817,13.9487
23810,56.1937,13.7448
23809,55.9563,12.8659
23808,56.3153,12.8672
23807,56.0834,14.0612
23806,55.9521,14.1229
23805,55.4787,13.4237
23804,56.2111,12.7704
23803,55.5947,14.1203
23802,55.7119,13.6641
23801,55.8184,13.4398
23800,56.0262,14.3739
23799,55.4793,13.9823
23798,55.6992,14.162
23797,55.4502,13.5549
23796,56.1094,14.1274
23795,55.6255,13.2344
23794,55.5986,13.3673
23793,56.1493,13.0586
23792,55.7881,13.2696
23791,55.6035,13.2493
23790,55.9247,13.0295
23789,55.5804,13.6945
23788,55.4939,13.2978
23787,55.9049,12.8297
23786,56.16,12.709
23785,55.4983,13.4774
23784,55.9256,13.0974
23783,56.1753,12.7478
23782,55.9399,12.9315
23781,56.1102,14.0369
23780,56.0623,12.9427
23779,56.1009,12.8786
23778,55.9433,13.3736
23777,55.4866,13.4513
23776,55.8599,13.3828
23775,55.9436,12.9609
23774,56.1893,12.8938
23773,56.0829,12.6616
23772,56.0673,14.0872
23771,55.5597,13.7098
23770,55.4858,13.2073
23769,55.8109,13.2361
23768,55.4196,13.3903
23767,55.5442,13.5167
23766,56.1306,13.6724
23765,56.0768,14.0606
23764,55.5322,13.6505
23763,56.2449,12.9928
23762,56.3535,13.9075
23761,55.8037,13.3777
23760,56.1747,13.9773
23759,55.5807,13.5677
23758,55.6914,13.4638
23757,55.8358,13.5709
23756,56.1976,13.9244
23755,56.3124,13.0931
23754,55.5791,13.8279
23753,56.085,14.029
23752,55.4897,13.6733
23751,55.5099,13.5931
23750,55.9693,12.7638
23749,55.4436,13.7369
23748,55.5317,13.2128
23747,55.9851,12.9238
23746,55.5827,13.0436
23745,56.0875,12.833
23744,56.0672,13.3262
23743,55.8596,13.1583
23742,56.0694,12.6774
23741,56.0861,12.7055
23740,55.5445,12.9973
23739,55.5865,14.1094
23738,55.9982,14.0109
23737,55.8528,13.6063
23736,55.8126,13.4991
23735,56.1003,13.8494
23734,56.1931,12.7931
23733,56.1351,14.1691
23732,56.0532,14.1386
23731,55.4496,13.4566
23730,55.4902,13.2765
23729,55.4783,13.1398
23728,55.4934,13.9818
23727,55.4656,13.7033
23726,55.9356,14.0302
23725,56.0784,12.8603
23724,55.9001,13.9834
23723,56.0508,13.625
23722,55.9363,13.0788
23721,56.1896,12.7154
23720,55.7289,13.0108
23719,55.7382,12.9754
23718,55.7707,13.4876
23717,56.2891,13.3896
23716,56.0408,12.7784
23715,55.8857,14.1294
23714,56.2433,12.5725
23713,55.951,13.0039
23712,56.0351,14.1153
23711,55.6473,13.7246
23710,55.9495,13.1216
23709,55.6612,13.2485
23708,55.9374,13.6564
23707,55.9044,12.6996
23706,56.1125,12.6312
23705,55.6452,14.0449
23704,55.6394,13.0937
23703,55.7606,13.4323
23702,55.9058,14.0203
23701,56.1767,13.0746
23700,55.5416,13.0755
23699,56.073,14.0728
23698,55.4952,13.7605
23697,55.9776,13.1353
23696,55.5977,13.2689
23695,56.1259,13.1412
23694,55.5525,13.0059
23693,56.1142,14.2985
23692,56.0416,14.0884
23691,55.8851,13.1214
23690,55.4815,13.9017
23689,56.192,12.9264
23688,55.4158,13.4197
23687,55.4849,13.8779
23686,55.5291,14.0913
23685,56.1716,12.7183
23684,55.8846,13.0252
23683,55.5826,13.4324
23682,55.5835,13.2604
23681,56.3098,12.8904
23680,55.7325,13.5606
23679,55.9196,12.8125
23678,56.0864,13.2377
23677,55.468,14.0553
23676,55.9183,13.1207
23675,55.8062,13.4967
23674,55.4221,14.0495
23673,55.9088,13.0033
23672,55.4775,13.3654
23671,55.9153,13.3894
23670,55.7212,13.5344
23669,56.0991,14.1088
23668,56.1494,14.1176
23667,56.0244,14.2015
23666,55.9493,13.0414
23665,55.9234,13.2455
23664,55.4069,14.139
23663,55.9708,13.7008
23662,55.5326,14.182
23661,55.505,14.082
23660,55.7648,13.3286
23659,55.4416,14.0946
23658,55.598,14.2014
23657,56.0344,12.7514
23656,56.0694,14.0807
23655,56.1225,13.0295
23654,55.8288,13.3518
23653,55.4995,14.2332
23652,55.5549,14.2796
23651,56.0142,12.9422
23650,56.2178,12.8509
23649,55.8792,13.6188
23648,56.0568,12.7166
23647,55.4592,13.9001
23646,55.5562,13.0681
23645,55.983,12.8518
23644,55.9847,12.834
23643,55.9005,14.0506
23642,55.5835,13.9462
23641,55.9057,12.8121
23640,55.5803,13.7876
23639,55.5634,13.5961
23638,55.8142,13.2843
23637,56.0421,12.8027
23636,55.532,13.3329
23635,55.3994,13.5209
23634,56.1069,12.7373
23633,55.9761,13.059
23632,55.6642,13.3396
23631,56.1269,12.619
23630,55.433,13.6927
23629,56.049,12.9437
23628,56.0197,13.0412
23627,55.5428,13.2724
23626,55.6521,13.9537
23625,55.9503,12.9088
23624,56.0901,14.3476
23623,55.5123,13.5064
23622,55.9049,13.0399
23621,55.8791,13.5162
23620,56.036,12.9352
23619,55.8656,14.0461
23618,55.7673,13.5252
23617,55.4905,14.0393
23616,56.1862,13.0701
23615,55.6273,13.403
23614,55.729,13.6982
23613,56.1532,13.1251
23612,56.1843,12.7636
23611,56.059,12.9816
23610,55.4528,13.7802
23609,56.2233,13.0042
23608,55.5331,13.7106
23607,56.1774,14.0893
23606,55.5301,13.8359
23605,55.9759,13.0987
23604,55.8631,12.8862
23603,55.5532,13.7507
23602,55.5824,13.3299
23601,55.623,13.0774
23600,55.4359,13.2443
23599,55.6541,13.0857
23598,56.0956,14.0656
23597,55.7147,13.9595
23596,58.8627,15.0058
23595,59.0825,14.9123
23594,59.2848,14.6912
23593,59.0893,14.6909
23592,59.2576,14.9785
23591,59.1575,15.1663
23590,59.0955,14.8601
23589,59.299,15.4133
23588,59.1445,15.0065
23587,59.4247,15.4771
23586,59.3036,15.2954
23585,59.0586,14.8486
23584,59.1571,14.9729
23583,59.0593,14.8843
23582,58.8521,14.9447
23581,58.8584,14.8031
23580,59.0132,15.5786
23579,62.6406,16.708
23578,62.4726,16.3332
23577,62.3153,17.3707
23576,62.4713,17.3008
23575,62.4971,16.0114
23570,61.367,15.5108
23569,61.2232,16.5724
23568,61.6377,17.0768
23567,61.1183,16.6603
23565,57.0687,12.5096
23564,57.3656,12.1004
23563,58.4435,11.4336
23562,56.7148,12.8835
23561,58.4101,11.4597
23560,56.9771,12.6407
23559,56.4608,13.0199
23558,57.1247,12.4458
23557,57.4026,12.101
23556,56.7057,12.7822
23555,56.5319,13.0848
23554,56.8006,12.8052
23553,57.8307,12.0169
23552,58.5506,11.3923
23551,56.4238,13.0479
23550,56.5911,12.9878
23549,57.5196,11.9517
23548,56.6924,12.9821
23547,56.4349,13.2761
23546,58.1318,12.0855
23545,56.4626,12.9817
23544,56.9565,13.1349
23543,57.1187,12.3967
23542,57.485,12.2014
23541,56.9309,12.4468
23540,56.7353,12.7504
23539,57.0725,12.4751
23538,56.4508,13.0094
23537,56.4788,13.0094
23536,56.9723,12.411
23535,56.841,12.7188
23534,58.1939,11.5194
23533,58.7566,11.2504
23532,57.2606,12.3345
23531,56.6172,12.9735
23530,56.6906,12.9017
23529,57.057,12.4697
23528,56.6356,12.9361
23527,56.9834,12.4705
23526,56.9615,12.5286
23525,58.3774,11.5545
23524,56.9443,12.7013
23523,56.8994,12.5215
23522,56.4329,12.9145
23521,56.6893,12.778
23520,57.1356,12.27
23519,56.7234,12.7245
23518,56.9377,12.6417
23517,56.4233,12.9849
23516,57.4393,12.1735
23515,57.4393,12.2059
23514,58.9732,11.2383
23513,56.9819,12.6412
23512,56.9254,12.4485
23511,56.6929,12.8116
23510,56.4278,13.1092
23509,56.7124,12.9583
23508,56.578,13.0033
23507,57.3596,12.0998
23506,56.7719,12.739
23505,60.9092,17.0653
23504,60.678,17.2242
23503,60.2884,16.8863
23502,60.6361,17.3619
23501,57.659,18.3644
23500,57.5561,18.4388
23499,57.6932,18.4392
23498,57.6001,18.2296
23497,57.5693,18.4098
23496,57.7402,18.6169
23495,57.5897,18.3844
23494,57.4318,18.8536
23488,58.8225,12.4123
23487,58.9923,12.5826
23486,58.9846,12.6129
23485,58.8029,12.5129
23484,59.1084,12.5876
23483,59.0471,12.6905
23482,58.5444,12.4598
23481,58.852,11.7151
23480,58.9781,12.4834
23479,58.6575,11.9641
23478,58.9106,12.5429
23477,58.6233,12.2874
23476,59.0885,12.6205
23475,58.7223,12.3836
23474,58.5682,12.493
23473,58.9378,12.2366
23472,58.92,11.9382
23471,58.8089,12.1817
23470,59.0055,12.6921
23469,58.9862,12.2645
23468,60.5258,15.5295
23467,60.1164,15.4844
23466,60.6109,15.7266
23465,60.2157,14.9612
23464,60.1373,16.2047
23463,60.4756,15.8284
23462,60.43,16.2154
23461,60.2199,15.2729
23460,60.8835,14.3764
23459,60.4348,15.5044
23458,60.4739,15.7215
23457,60.249,15.9189
23456,60.1788,16.4741
23455,60.2878,14.9718
23454,60.1534,16.1662
23453,60.2051,15.4949
23452,60.1566,15.1838
23451,60.1428,14.0679
23450,60.1433,16.308
23449,60.9973,14.5441
23448,60.1331,16.2272
23447,60.2782,16.0026
23446,60.3859,15.9957
23445,60.2948,16.4219
23444,60.1227,15.2737
23443,60.4766,15.799
23442,60.3576,15.5022
23441,60.6794,15.4808
23440,60.0419,14.5088
23439,60.2838,16.2078
23438,61.1971,15.1747
23437,60.1364,14.3995
23435,60.2664,16.438
23434,60.2861,15.9445
23433,60.363,16.1991
23432,61.2115,15.404
23431,60.2115,14.9565
23430,60.1479,16.1683
23429,58.3578,11.897
23428,57.7575,11.9482
23427,58.2818,11.8746
23426,58.4435,11.4336
23425,58.4101,11.4597
23424,58.0349,12.1408
23423,57.8668,11.7097
23422,58.7231,11.562
23421,57.8307,12.0169
23420,58.3159,11.8577
23419,58.1373,12.1047
23418,58.5506,11.3923
23417,57.7723,11.9119
23416,58.1927,12.1122
23415,58.4855,11.6422
23414,58.229,11.9286
23413,58.4432,11.6981
23412,58.1318,12.0855
23411,58.4855,11.7015
23410,58.1939,11.5194
23409,58.7566,11.2504
23408,57.8889,12.027
23407,57.8511,11.9367
23406,58.3774,11.5545
23405,58.439,11.724
23404,57.889,11.7771
23403,58.3641,11.9969
23402,58.4849,11.5892
23401,58.4368,11.6538
23400,57.832,12.0038
23399,59.0084,11.2405
23398,58.3943,11.6501
23397,58.2027,11.907
23395,56.2181,15.5823
23394,56.2044,15.6388
23393,56.0575,14.5952
23392,56.2173,15.5886
23391,56.1623,14.8191
23390,56.171,14.7065
23389,56.2126,15.6592
23388,56.2023,15.5697
23387,56.2192,15.6076
23386,56.2175,15.5322
23385,56.2235,15.5575
23384,56.1938,14.8394
23383,56.3284,14.7038
23382,56.1533,15.337
23381,56.2306,16.0091
23380,56.1815,15.0016
23379,56.1635,14.7484
23378,56.2191,15.3608
23377,56.2264,15.6268
23376,56.2104,15.3763
23375,56.2063,15.6583
23374,56.219,15.6783
23373,56.2214,15.5928
23372,56.2098,15.5022
23371,56.2195,15.1161
23370,56.9063,14.4902
23369,56.7283,15.0395
23368,57.0657,15.029
23367,59.5854,15.2425
23366,58.6946,15.9076
23365,58.7062,15.8559
23364,58.6969,16.1524
23363,58.8015,15.3813
23362,58.8323,15.9262
23361,58.5872,15.8817
23360,58.7658,15.4538
23359,58.7916,15.3827
23358,58.6184,15.1719
23357,58.1932,15.9953
23356,58.9016,15.8536
23355,58.6723,16.1263
23354,58.7485,15.6867
23353,58.6897,16.1534
23352,58.8065,15.7339
23351,63.1544,17.7645
23350,63.0717,16.9423
23349,62.7369,17.4202
23348,63.1662,17.2781
23347,63.0016,17.6692
23346,63.1755,17.5903
23337,59.7728,15.2903
23336,59.5223,15.0114
23335,59.7461,15.5079
23334,60.0706,16.0768
23333,59.9056,15.5008
23332,59.7428,15.6837
23331,59.9848,16.12
23330,59.9786,16.0118
23329,59.9697,16.0086
23328,59.8695,16.0488
23327,59.758,15.1602
23326,59.636,14.6102
23325,59.6283,14.5714
23324,59.887,15.9078
23323,59.9501,16.1753
23322,59.7088,16.2151
23321,59.6207,15.4253
23320,59.7804,15.5828
23319,60.0271,16.2084
23318,59.8307,15.0081
23317,59.9748,16.0278
23316,59.541,14.7004
23315,59.7177,16.4243
23314,59.8024,14.5844
23313,59.8207,16.1414
23312,60.0416,15.9399
23311,59.5274,15.4499
23310,59.829,15.5529
23309,59.7807,16.1896
23308,60.159,16.0245
23307,59.9757,16.2306
23306,59.8047,15.8582
23305,59.6389,14.8898
23304,60.0537,15.9284
23303,59.9574,16.1228
23302,59.6921,15.7509
23301,59.5226,15.6851
23300,60.0382,16.0836
23299,60.0607,16.0819
23298,59.9073,15.523
23297,60.0297,15.9621
23296,59.7009,16.0558
23295,59.6055,15.3332
23294,59.8448,15.9027
23293,59.6317,14.6293
23292,59.7393,15.1974
23291,59.5275,15.2893
23290,59.5314,15.1047
23289,59.9478,15.258
23288,59.8967,15.2873
23287,59.8508,15.8364
23286,59.8089,15.8551
23285,60.0093,16.1072
23284,59.598,15.5023
23283,59.9494,16.2232
23282,60.0468,16.1568
23281,59.9879,15.0221
23280,59.9957,16.086
23279,59.6928,15.7497
23278,60.0243,16.3133
23277,59.7931,15.5392
23276,59.6365,15.3468
23275,60.1359,15.8719
23274,59.6981,15.0943
23273,59.6113,15.4291
23272,59.794,15.3681
23271,59.7804,15.864
23270,59.8127,16.1585
23269,59.4814,15.3336
23268,59.7943,16.378
23267,59.7806,15.5434
23266,59.9484,16.2336
23265,59.7895,15.8876
23264,59.6062,14.762
23263,59.5635,15.5805
23262,59.5892,16.2449
23261,60.0594,15.7888
23260,59.7111,15.3732
23259,59.8949,15.6858
23258,59.6852,15.7519
23257,59.8604,15.0363
23256,59.5253,15.0901
23255,59.7812,15.6292
23254,59.8587,15.821
23253,59.5854,15.2707
23252,60.1347,16.1288
23251,60.0346,16.0623
23250,59.8988,15.5629
23249,59.9833,15.8418
23248,59.6655,15.2743
23247,59.5568,15.4375
23246,59.8062,15.1044
23245,59.5184,15.1465
23244,59.7279,15.4676
23243,59.5665,14.5832
23242,59.5222,15.0193
23241,58.4495,13.8341
23240,58.5611,14.1475
23239,58.1714,14.088
23238,58.6925,14.3482
23237,58.2488,14.0316
23235,63.8825,20.0249
23234,65.9571,22.3839
23233,65.915,22.6335
23232,63.9088,20.5522
23231,63.6908,20.2226
23230,65.6556,21.6666
23229,64.1868,20.8458
23228,65.9405,22.1529
23227,63.9433,20.5889
23226,63.6351,19.9113
23225,64.202,20.8238
23224,65.1524,21.4894
23223,65.4886,21.3982
23222,59.9579,18.3668
23220,59.3734,16.5052
23219,59.0502,15.8259
23218,59.3315,16.4712
23217,59.2477,16.2796
23216,58.7529,17.0167
23214,59.3755,16.5059
23213,59.4187,16.4693
23212,58.817,17.0927
23210,57.5862,15.8376
23209,57.7458,16.0257
23208,57.656,13.7975
23207,56.9948,15.4444
23206,57.3684,15.8382
23205,57.4705,15.5125
23204,56.8375,15.7469
23203,57.7005,14.114
23202,57.3833,13.8641
23201,57.5164,14.2848
23200,56.7484,15.275
23199,56.8487,15.3905
23198,56.4955,15.1275
23197,56.9956,16.2857
23196,57.2428,14.0742
23195,57.3171,13.6955
23194,57.7906,14.2705
23193,57.462,14.1053
23192,57.487,14.1273
23191,57.2983,13.5472
23190,57.7536,15.9741
23189,57.2112,15.831
23188,57.2606,16.3301
23187,57.6527,16.3702
23186,56.5531,14.9797
23185,57.6081,14.1909
23184,57.6407,15.2692
23183,56.4648,14.9648
23182,59.1643,14.8236
23181,59.01,15.062
23180,59.1109,14.5465
23179,58.9491,14.6231
23178,59.0956,14.3416
23177,59.2861,14.9302
23176,58.9558,14.9594
23175,59.3915,15.034
23174,59.0975,14.6535
23173,59.0129,14.5903
23172,62.5106,17.7234
23171,62.2905,17.0539
23170,62.5374,16.9641
23169,62.4968,16.9987
23168,62.3476,17.0314
23167,62.5572,17.3861
23166,62.6598,17.1958
23165,62.1646,17.4972
23162,62.758,16.3064
23161,61.1011,16.6535
23160,61.1268,16.5595
23159,61.0448,15.7875
23158,61.1138,17.1289
23157,61.8711,17.3137
23156,61.9584,16.7178
23155,61.6005,16.7661
23154,61.1622,17.1405
23153,61.2714,16.8733
23152,61.4603,17.1237
23151,61.2089,17.1186
23150,61.0677,16.3003
23149,61.9747,16.4683
23148,61.1854,16.9511
23147,62.1061,16.6788
23146,61.5344,16.8851
23145,61.9961,16.927
23144,60.6269,16.6284
23143,60.5936,16.5267
23142,60.6229,16.584
23141,60.6173,16.5965
23140,60.9713,16.9129
23139,60.9418,17.0301
23138,60.5122,16.4417
23137,60.6304,16.572
23136,60.525,16.4837
23135,60.5689,16.2617
23134,60.7699,16.9697
23133,60.5832,16.2547
23132,60.6397,16.9644
23131,60.7605,16.5341
23130,60.7223,16.607
23129,60.3164,16.568
23128,60.4422,16.6389
23127,60.61,16.9047
23126,60.8428,16.6694
23125,60.5184,16.4368
23124,60.5182,16.4382
23123,61.0469,17.1433
23122,60.592,16.5341
23121,57.7399,18.4033
23119,58.6593,12.0759
23118,58.8075,12.4342
23117,58.5282,12.0956
23116,58.9955,12.4686
23115,59.0819,12.6078
23114,59.1961,12.105
23113,58.9913,12.2591
23109,60.2944,15.8351
23108,60.9469,13.9541
23107,60.3705,16.1698
23106,60.5455,16.13
23105,60.2417,16.2491
23104,60.7779,16.0425
23103,60.2424,14.9522
23102,60.2328,16.2462
23101,60.2939,15.8213
23100,60.2608,16.4965
23099,60.0278,15.6538
23098,60.3076,15.3789
23097,60.2831,16.4083
23096,60.1514,14.2163
23095,60.2523,15.8575
23094,60.3497,15.7536
23093,60.9125,16.1382
23092,60.0493,15.5229
23091,60.5386,14.4469
23090,60.1407,15.4127
23089,60.1188,15.558
23088,60.4407,16.1646
23087,60.321,15.2013
23086,60.201,16.4905
23085,60.2637,16.4137
23084,60.1863,16.3573
23083,60.3752,16.0485
23082,59.9847,15.2905
23081,60.2353,14.8706
23080,60.2208,15.7804
23079,60.4533,15.1727
23078,60.1484,15.3831
23077,60.156,15.1929
23076,59.9259,15.4373
23075,61.3052,14.0345
23074,60.4533,16.0391
23073,60.2435,15.9333
23072,60.3303,14.5268
23071,60.7692,14.7282
23070,59.9891,15.609
23069,60.3859,16.3271
23068,60.1284,15.6158
23067,60.2031,16.4797
23066,60.6368,16.1458
23065,60.3709,16.1608
23064,60.1019,15.0986
23063,60.8298,14.1222
23062,60.2531,15.8845
23061,60.2117,15.9287
23060,60.4728,16.0364
23059,60.0645,15.6501
23058,59.9817,15.4079
23057,60.1439,15.1062
23056,61.1891,14.7698
23055,60.209,16.3111
23054,60.1299,15.4172
23053,60.2004,15.4321
23052,60.5906,14.1811
23051,60.9387,15.5393
23050,60.2454,15.9604
23049,61.1326,14.5389
23048,60.2134,16.599
23047,60.1129,16.367
23046,60.3998,14.1526
23045,56.3439,15.4355
23044,56.2086,14.8772
23043,58.3925,13.4917
22179,59.7413,13.6719
22178,59.4307,13.9327
22177,59.7847,13.1248
22176,59.3781,12.822
22175,59.7527,14.2485
22174,59.1834,12.9982
22173,59.0926,14.1511
22172,59.3592,13.9971
22171,59.3915,13.8057
22170,59.6464,12.6142
22169,59.4435,14.2105
22165,59.3461,13.9644
22164,59.1102,13.0275
22163,59.7706,13.4451
22162,59.268,14.1789
22161,59.5035,11.8476
22159,59.4295,14.4982
22158,59.4137,13.461
22157,59.0964,12.9429
22156,59.0093,13.1246
22155,59.6941,13.456
22154,59.1196,12.9162
22153,59.5758,13.3107
22152,59.5236,13.6258
22150,59.1263,12.9327
22149,59.7841,14.0753
22148,59.4424,12.87
22147,59.5406,14.276
22146,59.7198,14.1507
22145,59.3838,14.0082
22144,60.0388,13.6322
22143,59.4246,13.4367
22142,59.3703,13.9755
22141,59.13,13.1183
22140,60.0381,13.5988
22139,59.0787,12.9198
22137,59.6883,12.6508
22136,59.7922,14.3615
22135,60.0267,14.1084
22134,59.3646,13.9423
22133,59.8002,13.129
22132,59.4949,13.6388
22131,58.9195,13.2293
22130,59.9863,13.6119
22128,59.1727,12.9899
22127,59.7913,13.4193
22126,59.308,14.0696
22125,59.4985,13.6245
22123,59.7725,12.3252
22122,59.7204,13.4497
22121,59.0838,12.9584
22120,59.3824,14.1392
22119,59.2221,13.1143
22118,59.2123,13.0267
22117,59.3266,14.0913
22115,59.5298,13.372
22114,59.8954,14.2607
22113,59.3597,13.9328
22112,59.497,14.1726
22111,59.6186,13.8187
22110,59.1612,14.3679
22109,59.9776,14.1871
22108,59.32,11.9082
22106,59.5524,13.4907
22105,59.1661,14.1945
22104,59.1055,12.9033
22103,59.609,13.4994
22102,59.363,13.12
22101,59.7084,14.138
22100,59.1946,14.1994
22099,59.3141,14.1202
22098,59.6294,12.5902
22097,59.439,13.4181
22096,59.441,13.5497
22095,59.3867,12.7925
22094,59.4563,13.3788
22093,59.1156,14.0987
22092,59.3579,13.8535
22091,59.3556,13.7909
22090,58.9798,13.1036
22089,59.5312,12.628
22088,59.0596,13.06
22087,59.6945,14.2187
22086,59.5753,13.6147
22084,59.3381,13.5193
22083,59.3795,13.8124
22082,59.7726,13.2852
22081,59.3457,14.0606
22080,59.4131,13.6081
22079,59.7674,13.4424
22078,59.6823,14.3114
22077,59.031,13.0962
22076,59.7273,14.1626
22075,59.444,13.2124
22074,59.5994,13.4239
22073,59.2531,14.4496
22072,59.1093,12.9368
22071,59.2158,12.9647
22070,59.6176,12.9666
22069,59.1337,13.0178
22068,59.3533,12.964
22067,59.4447,13.5522
22066,59.5918,14.1829
22065,59.4807,13.5966
22064,59.3969,13.6027
22063,59.4393,14.4107
22060,59.5125,14.1538
22059,59.4388,13.3724
22058,59.3078,14.5887
22057,59.1253,14.3472
22055,59.0173,14.0965
22054,60.0164,13.6225
22053,59.7001,12.4968
22052,59.2445,14.0971
22051,59.3322,12.7971
22050,59.1095,14.0617
22049,59.7125,12.5038
22048,59.4368,13.0845
22047,59.1142,14.0439
22044,59.2099,13.0124
22041,59.5204,13.3712
22040,59.1396,14.3617
22039,59.3273,14.544
22038,59.3394,14.5337
22037,59.7087,13.4346
22036,59.9947,13.64
22035,59.6283,13.8228
22034,59.8845,14.4149
22033,59.3557,14.1312
22032,59.7573,12.538
22030,59.3474,14.2078
22029,60.2874,13.7858
22028,59.4922,13.6218
22027,59.6639,14.3888
22026,59.4236,12.7651
22025,59.3465,14.1441
22024,59.8168,12.0128
22023,59.6162,14.4182
22022,59.6883,12.6508
22021,59.6569,13.6914
22020,59.6298,13.0311
22019,59.7067,12.8564
22018,59.7759,13.4377
22017,59.6384,13.685
22016,59.5586,13.694
22015,59.1828,14.383
22014,59.8654,12.5029
22012,59.6925,12.9903
22011,59.6362,13.5532
22010,59.8449,13.542
22009,59.5961,13.7288
22008,60.0906,12.5152
22007,59.4883,14.183
22006,59.9947,13.2856
22005,59.8565,14.2612
22003,59.9519,13.495
22001,59.2636,13.0754
22000,60.6197,13.0362
21999,59.165,14.379
21998,60.7382,12.6941
21997,59.5067,12.3742
21996,59.4335,14.4511
21995,59.6054,14.1802
21994,59.9699,12.8135
21993,60.3898,12.9012
21992,59.4134,14.6727
21991,59.7132,12.1469
21990,60.2957,12.7284
21989,59.6083,13.8087
21988,59.9651,12.41
21987,59.7369,13.6673
21986,60.2845,13.4545
21985,60.1508,13.7943
21984,59.4899,13.8314
21983,59.5631,12.309
21982,60.0759,13.7284
21981,60.144,13.4298
21980,59.6479,13.6973
21979,59.938,12.661
21978,59.5308,13.4939
21976,59.6103,13.4731
21975,59.2289,14.445
21974,59.8846,12.2826
21973,59.1596,14.1883
21972,59.6653,14.0151
21971,59.8243,13.917
21970,59.2429,14.2419
21969,59.9025,13.1695
21968,60.0676,13.0845
21967,59.6197,14.1775
21966,59.9098,13.1914
21965,59.8774,13.3581
